Topic_1,Topic_2,Topic_3,Topic_4,Topic_5,Topic_6,Topic_7,Topic_8,Topic_9,Topic_10,Topic_11,Topic_12,Topic_13,Topic_14,Topic_15,Topic_16,Topic_17,Topic_18,Topic_19,Topic_20,Topic_21,Topic_22,Topic_23,Topic_24,Topic_25,Topic_26,Topic_27,Topic_28,Topic_29,Topic_30
great,food,green,today,officially,people,putin,por,fears,tcot,lol,wikileaks,live,news,wikileaks,good,life,nada,dont,ready,eua,cup,internet,china,lol,jobless,wikileaks,para,song,today
close,senate,politics,daily,wow,times,julian,del,pakistan,americans,things,assange,today,wikileaks,die,financial,live,entre,agree,wait,usurios,england,december,leaving,day,economy,forest,las,frm,rise
support,washington,bloomberg,stories,hanukkah,live,tax,wikileaks,arms,bring,good,julian,time,online,den,federal,assange,sobre,mind,big,wikileaks,round,des,stops,dont,claims,israel,hoy,hav,time
twitter,dec,pop,news,real,countries,killed,todos,account,tlot,awesome,son,win,internet,ber,banks,online,mesmo,true,facebook,presidente,bid,latest,reuters,love,expected,facebook,personas,sexy,wall
snow,tax,shaking,ready,hosting,israel,wikileaks,fue,wikileaks,ocra,love,business,gon,set,helmut,firms,day,pra,thing,cup,tropas,fifa,sida,public,happy,nyt,free,omg,hear,internet
social,joe,soda,study,central,cups,assange,ser,rejects,democracy,lot,amazon,christmas,open,paris,work,news,santa,doesnt,qatar,assuno,big,google,news,friday,bmw,today,por,wan,wikileaks
day,overhaul,wikileaks,rhett,salrio,host,report,mundial,nuclear,unemployed,remember,founder,happy,reporter,aaaaa,breakdown,good,photo,person,things,fbio,russian,site,prominent,guys,stock,euro,zona,hope,man
hope,safety,cont,walter,bad,cup,police,desde,law,lost,loving,tous,stand,board,arkasnda,nowplaying,love,brasil,love,maiores,das,wikileaks,secrets,expansion,pretty,november,common,hasta,joke,death
left,obama,dan,santo,action,great,cup,cablegate,denies,rich,birthday,dias,newest,read,bana,peace,julian,vida,song,mundial,facebook,host,business,country,listening,jobs,httpisgdil,mejor,food,interview
accident,george,tak,cubs,big,games,news,las,inn,caucus,tory,bien,dont,snow,basn,answers,morning,mais,water,por,foursquare,worldcup,tracking,artist,ipad,week,reuters,para,happy,police
yeah,raise,reduce,ron,beats,watch,kill,hit,man,politics,sports,buenos,coffee,cablegate,ben,design,friends,mil,eat,james,blurs,video,kind,missing,amazing,rise,russia,como,issues,year
media,bush,report,dont,life,fight,state,una,web,real,asked,fundador,fashion,lost,burada,hush,feel,day,fine,haiti,gowalla,russia,shop,forget,people,rate,northern,free,friends,america
quote,today,cities,sign,media,killed,cablegate,asked,hosting,pay,bring,books,post,photo,diyor,das,people,para,reason,china,launches,voting,strong,parents,city,cont,cup,iphone,bloody,record
work,natldebt,wind,family,dang,elizabeth,obama,bana,nba,american,jim,selling,ladies,bbc,duydunuz,clear,chat,abuso,man,sobre,lines,confirmed,rate,beg,power,england,personal,delivered,forget,case
week,day,today,small,duck,press,plan,bej,webhosting,tax,girl,plan,article,school,ergenekon,idea,gon,acho,secure,ano,places,david,france,biological,shares,live,ground,hurry,gps,dont
time,bills,bang,feel,lame,qatar,gop,deme,official,cuts,action,activists,xmas,dekalb,hit,password,nasa,aores,unit,diz,hein,zurich,contre,boy,scott,view,fake,aos,hangover,paulo
dont,block,aid,lovely,mode,russia,cuts,hac,watch,bush,hey,president,nyc,follow,iyilik,register,blog,bicos,waterbury,adoo,qual,campaign,sur,kyron,book,open,game,franca,hanukkah,twitter
cold,cuts,clashes,school,nabbit,company,canadian,jebnem,media,poverty,told,europe,town,schools,koruyorum,sounds,buy,cavaco,guess,alemo,thomas,beckham,things,oregon,great,forex,android,realmente,jetlagged,snoop
stuff,love,coast,shell,year,paralyzed,latest,minare,send,nuclear,bad,arrest,engaging,wikileaks,kskanmas,username,share,contra,learn,analisa,onde,assange,house,talks,tonight,frankfurt,icon,eso,jewish,app
highway,speak,election,years,boxee,walk,advisor,keha,intellect,video,team,accuse,ice,weather,millet,blessings,hope,lindo,big,aplaudida,serve,julian,boss,sleep,telephone,infineon,india,sus,major,video
stranded,india,grenade,todays,ceo,man,harper,suppose,nice,report,support,busts,switch,firm,noolmu,princess,watch,pena,house,apoio,para,chrome,big,day,plan,german,girl,dar,mention,girl
december,aids,ivory,ago,demo,football,political,tokyo,voted,program,yep,criminal,fifa,american,salk,des,americans,piar,bingo,atlntica,ter,wanted,grammy,family,air,report,epa,manera,trousers,big
breakfast,fight,killed,tweets,experience,shit,running,talk,game,dems,husband,detainess,bar,showdown,sisterm,loans,days,prse,boi,baixo,abre,head,twitter,court,unions,eurusd,angry,este,uksnow,daily
trucks,post,worker,radio,futile,accused,story,email,allstar,free,thing,footage,cool,reports,stme,russia,night,psd,chicks,bienal,aquilo,founder,season,climate,comment,bourse,tan,una,girl,great
phone,word,emissions,equal,grand,woman,relations,freegary,bryant,issue,court,forging,food,concern,varm,korea,thing,sequer,facilitate,bilhes,assumir,matter,pour,cop,pic,fewer,watch,toda,leader,google
blog,deficit,ports,waste,resistance,guardian,source,thisweek,females,heart,youll,group,aids,office,yamyam,europe,coverage,terem,gangster,casseta,caminho,city,ses,coal,case,high,moves,free,mumu,free
global,americas,reward,song,shufflr,wife,read,uma,kobe,party,oldham,lankan,aunt,day,yle,hit,holds,ver,gchq,cavaliers,coisas,latest,algorithm,weeks,charges,market,real,photos,setter,japan
check,awareness,ships,today,tctv,mothers,debt,lindo,lakers,republican,byelection,pakistanis,challenge,attack,zppperrrr,south,clear,vintage,girls,chefe,confuso,force,bad,fed,launching,markets,ahead,bora,snack,follow
grammy,buffetts,investment,microcosm,tvs,piece,final,rio,perfect,debt,clamed,passports,crazy,jailed,answer,north,security,twitter,pipes,concurso,convite,obama,bientt,change,times,metro,afghan,buscar,style,incredible
man,collusion,beauty,blogs,burada,win,flips,godard,twittr,hope,fools,rajapaksas,duh,level,confusing,emergency,job,site,prayed,confira,eliot,half,customers,force,bed,spanish,archive,padoca,tassles,trillion
aids,early,centre,aids,ankarallar,change,cable,acontece,video,usa,griffin,spain,fight,man,famous,une,national,como,sold,consumo,estar,nations,dilbert,vote,bad,breaking,undercuts,gratitude,titty,apple
rage,global,christmas,talk,balad,violence,prison,aeroporto,cobra,account,mps,sri,howdy,time,hilton,avec,birthday,eua,technology,cria,fazer,qatar,dpistage,favorite,facebook,love,market,buy,topchef,blowing
holybible,helps,crooning,day,bazen,major,england,amrica,featuring,peter,parties,suspected,hunger,exhibit,letter,barracks,years,mais,traveling,critica,fizemos,wow,mossad,movie,gop,rose,prince,sharing,trend,economy
anger,hiv,director,star,beklediim,join,release,atualizado,holiday,jobs,peer,tamils,inbend,europe,mess,borrowing,lucky,adianta,years,defende,frase,airport,read,basketball,absolutely,building,flop,days,watching,security
spin,htt,energy,htt,bile,reuters,vote,botafogo,mccoy,compromise,phil,war,model,send,myth,budgtaire,today,alheia,obama,depois,gerdau,beats,renforc,bball,includes,man,county,offer,apples,sgp
hard,involving,folk,raise,bir,red,time,brasileira,nah,tea,publicity,post,sandy,hired,pronounced,cadeau,pentagon,avano,deal,descansam,meu,dem,services,beach,keyboard,track,place,drumroll,jackson,tcot
leg,kiowa,greenjobs,guess,budur,deadly,sentenced,churchill,outtakes,bastards,racial,sightings,talk,people,quick,chmeurs,testify,beleza,asked,desenhos,ministrio,sepp,tre,beer,picks,payrolls,court,fridays,michael,assange
fun,loan,heard,badge,bugn,praise,calls,completa,paramore,color,shouldnt,iran,twitter,cyber,quiz,conditions,egypt,bom,finally,devem,nega,told,tte,bitching,supporters,case,dalit,httpsb,ping,mobile
lol,mishra,itll,donated,evde,game,house,convidada,sale,currency,standing,cocoon,yeah,breaking,sixletter,crdit,form,bonitas,shouldnt,dilma,pesquisa,gon,vtran,breadth,weekend,required,okays,pack,premieres,popular
tweets,pankaj,jauntily,fans,formunda,child,live,dessas,starship,deficits,tension,column,cable,countries,word,credit,benefits,cadeia,forgot,economista,pessoal,live,fast,chance,year,rises,park,starbucks,baby,share
heart,rotting,lonely,foursquare,gerekir,wikileaks,stephen,experincia,travie,del,usual,england,zimbabwe,speech,short,domestic,chinese,conflito,awww,empresas,qualquer,friedman,moving,documents,google,silent,accounts,man,voice,amazing
earth,scandalous,mitsubushi,locations,hamle,art,start,jeanluc,aids,earmarks,woolas,farhang,background,south,review,dun,gates,creio,brandyi,engatinha,quem,police,turn,drank,editions,buy,burger,living,cavs,uma
days,taxpayers,scotland,monsters,herkes,food,cables,joo,critical,expense,overnight,fbicia,review,university,black,economie,dont,curvas,cnn,ensolarado,quisermos,air,yeah,emergency,nanapi,kiddies,ford,art,debarges,start
hours,warning,thursday,realized,hodjam,country,embassy,leiam,day,focus,change,guest,warcrimes,manchester,natalie,euractivfr,attacks,esmo,columbo,exrcito,recebido,crimes,beast,hardcore,oda,dealbook,gaining,prison,doin,people
deal,warren,tysm,red,iniyor,snowball,website,liv,network,foreign,direction,intense,week,moves,heroic,eurobonds,stay,fosse,damien,fbricas,relativo,dangerous,happy,icarly,ptflive,drinkmaker,hour,web,heat,economic
brown,woman,aids,reminder,kalr,face,russia,obrigada,founder,monte,rohn,isawjulian,death,today,portman,exclusive,john,fuador,defending,fim,sabe,defrocked,playing,ipsycho,tobu,pepsi,jones,britain,nit,obamas
age,reopened,day,turned,kapamay,birth,host,passar,moves,nojobs,season,israeli,disney,google,swan,favorable,mccain,fugitivo,demanded,hubert,sucesso,fighters,turnred,measures,quote,russian,lager,chrome,pisses,york
life,upi,small,wear,kapansa,girl,lady,ptrabalhar,event,palin,hugs,jahanpour,fla,created,grand,feed,african,gergia,demanding,investir,drama,flat,violin,mysterious,abbey,morning,larry,listening,sirius,life
wait,waters,inside,bitter,kesin,design,russias,quando,por,pols,turned,point,sees,wall,hidden,finance,set,httpowlyi,didsmhi,judicial,star,groping,bros,scary,baby,networks,malware,space,waaazup,happy
answering,webinar,special,bunch,kimsenin,coverage,buzzboxcom,revista,reuters,press,idea,retweet,lunch,jobs,view,galre,bbc,minhas,eatgeesh,lebron,vida,httpread,chem,sic,balm,great,pers,snipes,witcha,good
